#name,region,country,lat,lon,location_type,conflict_date,population
Adjumani,Nile,Uganda,3.373,31.804,camp,,9300
East_Darfur,East_Darfur,Sudan,11.077,26.844,camp,,6200
Haut-Uele,Haut-Uele,DRC,4.647,27.485,camp,,1500
Ituri,Ituri,DRC,1.85,29.966667,camp,,4217
Kakuma,Turkana,Kenya,3.729882,34.843126,camp,,1800
Kiryandongo,Western,Uganda,1.940341667,32.18017222,camp,,1500
Meri,Haut-Uele,DRC,3.839,30.144,camp,,2307
North_Darfur,North_Darfur,Sudan,14.21,25.4,camp,,2000
Rhino,Nile,Uganda,2.968,31.388,camp,,7000
South_Darfur,South_Darfur,Sudan,10.846,24.947,camp,,1500
South_Kordofan,South_Kordofan,Sudan,10.976,30.454,camp,,3400
West_Kordofan,West_Kordofan,Sudan,11.47,27.906,camp,,1500
White_Nile,White_Nile,Sudan,13.34,32.42,camp,,7400
Juba,Central_Equatoria,South_Sudan,4.83776,31.603165,conflict_zone,0,52595
Ikotos,Eastern_Equatoria,South_Sudan,4.0765,33.1185,conflict_zone,40,12962
Liang,Upper_Nile,South_Sudan,9.87,33.65,conflict_zone,65,12192
Bor,Jonglei,South_Sudan,6.2089,31.5586,conflict_zone,74,30532
Kapoeta,Eastern_Equatoria,South_Sudan,4.7762,33.5829,conflict_zone,78,12265
Pajut,Jonglei,South_Sudan,7.746,31.6892,conflict_zone,80,3156
El-galhak,Upper_Nile,South_Sudan,11.05,32.7,conflict_zone,132,1743
Malakal,Upper_Nile,South_Sudan,9.541,31.652,conflict_zone,135,18149
Awarajwok,Upper_Nile,South_Sudan,9.4969,31.6158,conflict_zone,136,500
Bunj,Upper_Nile,South_Sudan,9.9453,33.8094,conflict_zone,137,1123
Chukudum,Eastern_Equatoria,South_Sudan,4.2423,33.4505,conflict_zone,138,15331
Wadakona,Upper_Nile,South_Sudan,11.6173,32.7305,conflict_zone,145,1804
Maban,Upper_Nile,South_Sudan,9.96,33.73,conflict_zone,147,6511
Ezo,Western_Equatoria,South_Sudan,5.0706,27.4722,conflict_zone,159,10522
Rumbek_North,Lakes,South_Sudan,7.7,29.6667,conflict_zone,161,6529
Gadiang,Jonglei,South_Sudan,7.397,32.0667,conflict_zone,164,2000
Panyagor,Jonglei,South_Sudan,7.3486,31.4096,conflict_zone,188,5072
Jalle,Jonglei,South_Sudan,6.717,31.4421,conflict_zone,197,1350
Renk,Upper_Nile,South_Sudan,11.75,32.8,conflict_zone,201,19812
Kaljak,Jonglei,South_Sudan,9.04,31.27,conflict_zone,217,655
Nasir,Upper_Nile,South_Sudan,8.603,33.067,conflict_zone,219,30203
Rubkona,Unity,South_Sudan,9.2799,29.7785,conflict_zone,228,14967
Duk_Fadiat,Jonglei,South_Sudan,7.7508,31.4087,conflict_zone,230,8991
Pentin,Jonglei,South_Sudan,6.91,34.43,conflict_zone,231,20417
Dentoang,Upper_Nile,South_Sudan,10.28,32.42,conflict_zone,247,7065
Owachi,Upper_Nile,South_Sudan,9.42,31.55,conflict_zone,253,500
Wau_Shilluk,Upper_Nile,South_Sudan,9.649,31.3367,conflict_zone,254,500
Yuai,Jonglei,South_Sudan,7.901,31.8883,conflict_zone,270,2000
Leer,Unity,South_Sudan,8.22,30.22,conflict_zone,271,7965
Ayod,Jonglei,South_Sudan,8.1234,31.4289,conflict_zone,279,19293
Lafon,Eastern_Equatoria,South_Sudan,5.0333,32.4667,conflict_zone,279,16307
Khor_Adar,Upper_Nile,South_Sudan,10.3833,32.25,conflict_zone,281,5403
Atar,Jonglei,South_Sudan,9.3272,31.4094,conflict_zone,283,2175
Mayendit,Unity,South_Sudan,8.131,30.0148,conflict_zone,285,8052
Pariang,Unity,South_Sudan,9.9167,30.0167,conflict_zone,291,12341
Tambura,Western_Equatoria,South_Sudan,5.61871921,27.47131348,conflict_zone,292,7149
Narus,Eastern_Equatoria,South_Sudan,4.507,34.152,conflict_zone,306,25227
Pieri,Jonglei,South_Sudan,8.0448,32.0272,conflict_zone,318,1845
Pulchuol,Jonglei,South_Sudan,8.1215,31.9605,conflict_zone,318,1491
Waat,Jonglei,South_Sudan,8.1972,32.15,conflict_zone,319,1451
Walgak,Jonglei,South_Sudan,8.1593,32.2418,conflict_zone,319,605
Rumbek_East,Lakes,South_Sudan,6.74,30.13,conflict_zone,325,18641
Gel_Achel,Upper_Nile,South_Sudan,9.09,32.4,conflict_zone,330,187
Gogrial_East,Warrap,South_Sudan,8.23,28.6,conflict_zone,330,14627
Kuajiena,Western_Bahr_el_Ghazal,South_Sudan,7.5068,28.3033,conflict_zone,330,18140
Kodok,Upper_Nile,South_Sudan,9.888,32.117,conflict_zone,330,5264
Turalei,Warrap,South_Sudan,9.084,28.435,conflict_zone,330,29117
Panyikang,Upper_Nile,South_Sudan,9.4744,31.0451,conflict_zone,337,6511
Kaka,Upper_Nile,South_Sudan,10.5756,32.1443,conflict_zone,339,914
Doro,Upper_Nile,South_Sudan,10.0672,33.9429,conflict_zone,358,1000
Morobo,Central_Equatoria,South_Sudan,3.68,30.77,conflict_zone,358,14802
Panyijiar,Unity,South_Sudan,7.5394,30.2762,conflict_zone,359,7615
Ganyliel,Unity,South_Sudan,7.3932,30.476,conflict_zone,359,7615
Kotobi,Western_Equatoria,South_Sudan,5.233629,30.192522,conflict_zone,366,4417
Mvolo,Western_Equatoria,South_Sudan,6.055,29.948,conflict_zone,366,6265
Malualkon,Northern_Bahr_el_Ghazal,South_Sudan,9.0213,27.628,conflict_zone,376,44005
Maridi,Western_Equatoria,South_Sudan,4.9238,29.4626,conflict_zone,377,10683
Terekeka,Central_Equatoria,South_Sudan,5.439,31.747,conflict_zone,377,20628
Magwi,Eastern_Equatoria,South_Sudan,4.127,32.298,conflict_zone,378,26063
Rumbek_Centre,Lakes,South_Sudan,6.819,29.7,conflict_zone,382,23275
Lainya,Central_Equatoria,South_Sudan,4.344,31.075,conflict_zone,384,12755
Yirol_West,Lakes,South_Sudan,6.5525,30.4981,conflict_zone,385,15587
Makol_Cuei,Jonglei,South_Sudan,6.3755,31.6461,conflict_zone,391,2488
Raja,Western_Bahr_el_Ghazal,South_Sudan,8.464,25.677,conflict_zone,400,5434
Multhiang,Upper_Nile,South_Sudan,9.01,33.5,conflict_zone,401,9144
Wau,Western_Bahr_el_Ghazal,South_Sudan,7.6552,27.9726,conflict_zone,409,21503
Gogrial_West,Warrap,South_Sudan,8.5348,28.1114,conflict_zone,412,34637
Torit,Eastern_Equatoria,South_Sudan,4.4182,32.5767,conflict_zone,413,15331
Yambio,Western_Equatoria,South_Sudan,4.571,28.4104,conflict_zone,414,19760
Cueibet,Lakes,South_Sudan,7.0317,29.2472,conflict_zone,416,17798
Mayom,Unity,South_Sudan,9.244,29.17,conflict_zone,417,18031
Koch,Unity,South_Sudan,8.54,30.01,conflict_zone,418,11204
Maiwut,Upper_Nile,South_Sudan,8.6031,33.9226,conflict_zone,422,11360
Kajo-Keji,Central_Equatoria,South_Sudan,3.89165755,31.67633057,conflict_zone,423,28029
Yei,Central_Equatoria,South_Sudan,4.0914753,30.67854881,conflict_zone,424,28817
Mundri_East,Western_Equatoria,South_Sudan,5.23,30.52,conflict_zone,425,6265
Pochalla,Jonglei,South_Sudan,7.1783,34.0967,town,,
Aba,Haut-Uele,DRC,3.86362,30.239644,town,,
Abyei,Abyei,Sudan,9.510293,28.47441,town,,
Al_Mijlad,East_Darfur,Sudan,11.033941,27.740201,town,,
Bahr_al_Jabal,Central_Equatoria,South_Sudan,4.71045,31.421875,town,,
Barah,Northern_Kordofan,Sudan,13.69227,30.366655,town,,
Bentiu,Unity,South_Sudan,9.229,29.799,town,,
Boma,Jonglei,South_Sudan,6.182,34.39,town,,
Hilal_Camp,Eastern_Equatoria,South_Sudan,4.507397,33.313692,town,,
Djugu,Haut-Uele,DRC,2.095252,30.105073,town,,
Faradje,Haut-Uele,DRC,3.731145,29.710347,town,,
Karich,Lakes,South_Sudan,6.612523,29.911425,town,,
Karuma,Northern,Uganda,2.25403,32.243201,town,,
Wandi,Nile,Uganda,3.099716,30.978993,town,,
Nesutu,Central_Equatoria,South_Sudan,4.691,31.704,town,,
Keyala,Eastern_Equatoria,South_Sudan,4.461397,32.872917,town,,
Kosti,White_Nile,Sudan,13.137,32.649,town,,
Ngangala,Central_Equatoria,South_Sudan,4.70466,31.920437,town,,
Tonj,Warrap,South_Sudan,7.274683,28.686728,town,,
Mongalla,Central_Equatoria,South_Sudan,5.1989,31.77152,town,,
Limbe,Central_Equatoria,South_Sudan,4.157967,30.857986,town,,
Narir_Junction,Unity,South_Sudan,9.481851,29.69,town,,
Eruba,Nile,Uganda,2.95628954,30.91646612,town,,
Nyala,South_Darfur,Sudan,12.049,24.879,town,,
Kadugli,South_Kordofan,Sudan,11.01,29.697,town,,
Tonga,Upper_Nile,South_Sudan,9.4744,31.0451,town,,
